Metric,Value
EER,0.5081669691470054
Threshold,inf
Accuracy,0.5
FAR Min,0.0
FAR Max,1.0
FAR Avg,0.8244838709677419
FRR Min,0.0
FRR Max,1.0
FRR Avg,0.21237634408602152
